SUPLLIER ID,HomMe ITEM NUMBER,MAIN PICTURE,OTHER PICTURES,COLORS,MATERIAL,PRODUCT NAME,Descreption,Size,COST,Cost+VIT,price shekel,price -10%,Price
44,TPSH372,TPSH372,,ניקל,,FAUCET - TPSH372,"מזלף סונומה
בראס",,103,121,,,181
144,TPSH348,TPSH348,,ניקל,,FAUCET - TPSH348,זרוע לראש מקלחת 40 ס”מ,,132,154,,,232
1011,TPSH374,TPSH374,,ניקל,,FAUCET - TPSH374,"ראש מקלחת מרובע
25/25
8 מ""מ בראס",,374,438,,,656
1013,TPSH373,TPSH373,,ניקל,,FAUCET - TPSH373,"ראש מקלחת מרובע
19.5/19.5
8 מ""מ בראס",,253,296,,,444
1035,TPSH376,TPSH376,,ניקל,,FAUCET - TPSH376,"ראש מקלחת עגול
25 ס""מ
8 מ""מ בראס",,363,424,,,637
1056,TPSH377,TPSH377,,ניקל,,FAUCET - TPSH377,"ראש מקלחת עגול
20 ס""מ
8 מ""מ בראס",,220,257,,,386
1087,TPSH388,TPSH388,TPSH388A,ניקל CP,,FAUCET - TPSH388,"איטליה גטוני
מוט מקלחת",,440,515,,,772
1087,TPSH66,TPSH66,TPSH66A,ניקל CP,,FAUCET - TPSH66,איטליה גטוני מוט מקלחת,,440,515,,,772
1201,TPSH375,TPSH375,,ניקל,,FAUCET - TPSH375,"ראש מקלחת אובלי
200/300
8 מ”מ בראס",,396,463,,,695
1888,TPSH364,TPSH364,,ניקל CP,,FAUCET - TPSH364,"פרנה
מזלף וינטג’",,110,129,,,193
1888,TPSH365,TPSH364,,ניקל מט SP,,FAUCET - TPSH364,"פרנה
מזלף וינטג’",,136,159,,,239
1888,TPSH366,TPSH364,,ברונזה YB,,FAUCET - TPSH364,"פרנה
מזלף וינטג’",,160,187,,,281
1888,TPSH367,TPSH364,,זהב איטלקי ORO,,FAUCET - TPSH364,"פרנה
מזלף וינטג’",,200,234,,,351
2013,TPSH207,TPSH207,TPSH207A,ניקל- CP,,FAUCET - TPSH207,"ארצ’לו
קבוע גבוה לכיור מונח",,383,448,,,672
2013,TPSH32,TPSH32,TP32A,ניקל CP,,FAUCET - TPSH32,איטליה דומו פרח גבוה לכיור מונח,,880,1030,,,1544
2013,TPSH33,TPSH33,TP32A,ברונזה,,FAUCET - TPSH33,איטליה דומו פרח גבוה לכיור מונח,,1080,1264,,,1895
2013,TPSH34,TPSH34,TP32A,זהב,,FAUCET - TPSH34,איטליה דומו פרח גבוה לכיור מונח,,1280,1498,,,2246
2023,TPSH35,TPSH35,,ניקל CP,,FAUCET - TPSH35,איטליה דומו מערכת קיר לכיור רחצה,,832,973,,,1460
2023,TPSH36,,,ברונזה,,FAUCET - ,איטליה דומו מערכת קיר לכיור רחצה,,1080,1264,,,1895
2100,TPSH537,TPSH537,,ניקל CP,,FAUCET - TPSH537,"מאריך לסיפון 1/4 1
30 ס”מ",,20,23,,,35
2100,TPSH538,TPSH537,,ברונזה YB,,FAUCET - TPSH537,"מאריך לסיפון 1/4 1
30 ס”מ",,28,33,,,49
2100,TPSH539,TPSH537,,שחור B,,FAUCET - TPSH537,"מאריך לסיפון 1/4 1
30 ס”מ",,88,103,,,154
2100,TPSH540,TPSH537,,זהב ORO,,FAUCET - TPSH537,"מאריך לסיפון 1/4 1
30 ס”מ",,88,103,,,154
2122,TPSH331,TPSH331,,ניקל,,FAUCET - TPSH331,"סט 4 דרך
מזלף בראס",,188,220,,,330
2123,TPSH330,TPSH330,,ניקל,,FAUCET - TPSH330,"סט 4 דרך
מזלף בראס",,232,271,,,407
2124,TPSH332,TPSH332,,ניקל,,FAUCET - TPSH332,"סט 4 דרך
מזלף בראס",,176,206,,,309
2125,TPSH335,TPSH335,,ניקל,,FAUCET - TPSH335,"סט 4 דרך
מזלף 3 מצבים",,135,158,,,237
2537,TPSH275,TPSH275,TPSH275A,ניקל CP,,FAUCET - TPSH275,"מאסימו
נשלף למטבח",,380,445,,,667
2540,TPSH276,TPSH276,TPSH276A,ניקל CP,,FAUCET - TPSH276,"ראבלי
נשלף למטבח",,330,386,,,579
3111,TPSH499,TPSH499,,ניקל,,FAUCET - TPSH499,ידית אחיזה + סבוניה דורין,,97,113,,,170
3802,TPSH515,TPSH515,TPSH515A,ניקל,,FAUCET - TPSH515,"מדף בית מלון דורין
שתי קומות",,119,139,,,208
4275,TPSH522,TPSH522,,ניקל CP,,FAUCET - TPSH522,"איטליה גטוני
ג’ט מתכוונן חיצוני למקלחת",,340,398,,,597
4275,TPSH64,TPSH64,TPSH64A,ניקל CP,,FAUCET - TPSH64,איטליה גטוני ג’ט מתכוונן חיצוני למקלחת,,340,398,,,597
5690,TPSH43,TPSH43,TPSH43A,ניקל CP,,FAUCET - TPSH43,איטליה דומו גטוני פרח 2 ידיות,,690,807,,,1211
5690,TPSH44,,TPSH43A,ברונזה,,FAUCET - ,איטליה דומו גטוני פרח 2 ידיות,,970,1135,,,1702
6008,TPSH357,TPSH357,,ניקל,,FAUCET - TPSH357,"ראש מקלחת A.B.S
מרובע 22/22 ס”מ",,105,123,,,185
6158,TPSH370,TPSH370,,ניקל,,FAUCET - TPSH370,"מזלף A.B.S
מלבני",,32,37,,,56
8030,TPSH62,TPSH62,TPSH62A,ניקל CP,,FAUCET - TPSH62,איטליה גטוני קולור אינטרפוץ 3 דרך,,384,449,,,674
8034,TPSH61,TPSH61,TPSH61A,ניקל CP,,FAUCET - TPSH61,איטליה גטוני קולור אינטרפוץ 4 דרך,,600,702,,,1053
8035,TPSH60,TPSH60,"TPSH60A, TPSH60B, TPSH59B",ניקל CP,,FAUCET - TPSH60,איטליה גטוני קולור מערכת קיר לכיור רחצה BOX,,1240,1451,,,2176
8044,TPSH59,TPSH59,"TPSH59A, TPSH59A, TPSH59B",ניקל CP,,FAUCET - TPSH59,איטליה גטוני קולור פרח בינוני לכיור רחצה,,680,796,,,1193
8048,TPSH58,TPSH58,TPSH58A,ניקל CP,,FAUCET - TPSH58,איטליה גטוני קולור פרח גבוה לכיור מונח,,864,1011,,,1516
9013,TPSH208,TPSH208,TPSH208A,ניקל- CP,,FAUCET - TPSH208,ארצ’לו 90 מעלות,,383,448,,,672
9089,TPSH339,TPSH339,,ניקל,,FAUCET - TPSH339,"סט 4 דרך
מזלף 2 מצבים",,168,197,,,295
9130,TPSH55,TPSH55,,ניקל CP,,FAUCET - TPSH55,איטליה גטוני סירקל אינטרפוץ 3 דרך,,352,412,,,618
9134,TPSH57,TPSH57,TPSH57A,ניקל CP,,FAUCET - TPSH57,איטליה גטוני סירקל אינטרפוץ 4 דרך,,568,665,,,997
9135,TPSH54,TPSH54,"TPSH54A, TPSH54B, TPSH53B",ניקל CP,,FAUCET - TPSH54,איטליה גטוני סירקל מערכת קיר לכיור רחצה BOX,,1160,1357,,,2036
9146,TPSH53,TPSH53,"TPSH53A, TPSH53B",ניקל CP,,FAUCET - TPSH53,איטליה גטוני סירקל פרח בנוני לכיור רחצה,,728,852,,,1278
9148,TPSH52,TPSH52,TPSH52A,ניקל CP,,FAUCET - TPSH52,איטליה גטוני סירקל פרח גבוה לכיור מונח,,796,931,,,1397
10011,TPSH280,TPSH280,TPSH280A,ניקל CP,,FAUCET - TPSH280,"כרמל
נשלף למטבח",,440,515,,,772
10014,TPSH188,TPSH188,"TPSH188A, TPSH188B, TPSH188C",ניקל- CP,,FAUCET - TPSH188,"הוגו
מערכת קיר לכיור רחצה",,390,456,,,684
10017,TPSH296,TPSH296,TPSH296A,ניקל CP,,FAUCET - TPSH296,"דומינדו
נשלף למטבח",,400,468,,,702
10017,TPSH297,TPSH296,TPSH296A,ניקל מט SP,,FAUCET - TPSH296,"דומינדו
נשלף למטבח",,440,515,,,772
10042,TPSH90,TPSH90,TPSH90A,ניקל CP,,FAUCET - TPSH90,שאטו סוללה לאמבטיה,,462,541,,,811
10043,TPSH371,TPSH371,,ניקל,,FAUCET - TPSH371,"מזלף נאפה
בראס",,103,121,,,181
10044,TPSH255,TPSH255,TPSH255A,ניקל CP,,FAUCET - TPSH255,"
מורטי 90°",,383,448,,,672
10060,TPSH292,TPSH292,TPSH292A,ניקל CP,,FAUCET - TPSH292,"מונטריי
נשלף למטבח",,400,468,,,701
10083,TPSH257,TPSH257,TPSH257A,ניקל CP,,FAUCET - TPSH257,מורטי קבוע נמוך,,295,345,,,517
10084,TPSH256,TPSH256,TPSH256A,ניקל CP,,FAUCET - TPSH256,מורטי קבוע גבוה לכיור מונח,,361,422,,,633
10094,TPSH210,TPSH210,TPSH210A,ניקל- CP,,FAUCET - TPSH210,לבורו 90 מעלות,,398,466,,,698
10095,TPSH273,TPSH273,TPSH273A,ניקל CP,,FAUCET - TPSH273,"פרזו
נשלף למטבח",,680,796,,,1193
10095,TPSH274,TPSH273,TPSH273A,ניקל מט SP,,FAUCET - TPSH273,"פרזו
נשלף למטבח",,760,889,,,1334
10165,TPSH189,TPSH189,TPSH189A,ניקל- CP,,FAUCET - TPSH189,סטפן 90 מעלות,,380,445,,,667
10193,TPSH211,TPSH211,TPSH211A,ניקל- CP,,FAUCET - TPSH211,"לבורו
קבוע נמוך",,290,339,,,509
10194,TPSH209,TPSH209,TPSH209A,ניקל- CP,,FAUCET - TPSH209,"לבורו
קבוע גבוה לכיור מונח",,430,503,,,755
10195,TPSH251,TPSH251,TPSH251A,ניקל CP,,FAUCET - TPSH251,"פרנצ’טי
קבוע נמוך",,320,374,,,562
10196,TPSH252,TPSH252,TPSH252A,ניקל CP,,FAUCET - TPSH252,"פרנצ’טי
קבוע גבוה לכיור מונח",,440,515,,,772
10197,TPSH258,TPSH258,TPSH258A,ניקל CP,,FAUCET - TPSH258,פרזו 90°,,340,398,,,597
10307,TPSH193,TPSH193,TPSH193A,ניקל- CP,,FAUCET - TPSH193,"סטפן
קבוע נמוך",,295,345,,,517
10308,TPSH192,TPSH192,TPSH192A,ניקל- CP,,FAUCET - TPSH192,"סטפן
קבוע גבוה לכיור מונח",,361,422,,,633
10343,TPSH187,TPSH187,TPSH187A,ניקל- CP,,FAUCET - TPSH187,"הוגו
קשת רחצה",,398,466,,,698
10344,TPSH186,TPSH186,TPSH186A,ניקל- CP,,FAUCET - TPSH186,"הוגו
קשת לכיור מונח",,460,538,,,807
10345,TPSH183,TPSH183,TPSH183A,ניקל- CP,,FAUCET - TPSH183,לומינה 90 מעלות בינוני,,392,459,,,688
10346,TPSH182,TPSH182,TPSH182A,ניקל- CP,,FAUCET - TPSH182,לומינה 900 גבוה לכיור מונח,,460,538,,,807
20004,TPSH88,TPSH88,TPSH88A,ניקל CP,,FAUCET - TPSH88,שאטו אינטרפוץ 4 דרך,,341,399,,,598
20006,TPSH253,TPSH253,TPSH253A,ניקל CP,,FAUCET - TPSH253,"פרנצ’טי
אינטרפוץ 4 דרך",,370,433,,,649
20020,TPSH284,TPSH284,TPSH284A,ניקל CP,,FAUCET - TPSH284,"סטארק
נשלף תעשייתי",,994,1163,,,1745
20021,TPSH87,TPSH87,TPSH87A,ניקל CP,,FAUCET - TPSH87,שאטו אינטרפוץ 3 דרך,,231,270,,,405
20027,TPSH254,TPSH254,TPSH254A,ניקל CP,,FAUCET - TPSH254,"פרנצ’טי
אינטרפוץ 3 דרך",,231,270,,,405
20031,TPSH86,TPSH86,,ניקל CP,,FAUCET - TPSH86,שאטו קשת רחצה,,273,319,,,479
20036,TPSH213,TPSH213,TPSH213A,ניקל- CP,,FAUCET - TPSH213,"לבורו
אינטרפוץ 3 דרך",,244,285,,,428
20049,TPSH185,TPSH185,"TPSH185A, TPSH185B",ניקל- CP,,FAUCET - TPSH185,"הוגו
אינטרפוץ 4 דרך",,341,399,,,598
20050,TPSH181,TPSH181,"TPSH181A, TPSH181B",ניקל- CP,,FAUCET - TPSH181,"לומינה
אינטרפוץ 4 דרך",,341,399,,,598
20060,TPSH212,TPSH212,TPSH212A,ניקל- CP,,FAUCET - TPSH212,"לבורו
אינטרפוץ 4 דרך",,362,424,,,635
20082,TPSH191,TPSH191,,ניקל- CP,,FAUCET - TPSH191,"סטפן
אינטרפוץ 3 דרך",,220,257,,,386
20085,TPSH184,TPSH184,,ניקל- CP,,FAUCET - TPSH184,"הוגו
אינטרפוץ 3 דרך",,210,246,,,369
20086,TPSH180,TPSH180,"TPSH180A, TPSH180B",ניקל- CP,,FAUCET - TPSH180,"לומינה
אינטרפוץ 3 דרך",,210,246,,,369
22003,TPSH194,TPSH194,TPSH194A,ניקל- CP,,FAUCET - TPSH194,בייליס 90 מעלות,,383,448,,,672
22004,TPSH195,TPSH195,TPSH195A,ניקל- CP,,FAUCET - TPSH195,בייליס קשת רחצה,,398,466,,,698
25005,TPSH199,TPSH199,TPSH199A,ניקל- CP,,FAUCET - TPSH199,בייליס אינטרפוץ 3 דרך,,270,316,,,474
26006,TPSH200,TPSH200,TPSH200A,ניקל- CP,,FAUCET - TPSH200,בייליס אינטרפוץ 4 דרך,,408,477,,,716
30033,TPSH291,TPSH291,TPSH291A,ניקל CP,,FAUCET - TPSH291,"קוטור
נשלף למטבח",,341,399,,,598
30037,TPSH190,TPSH190,,ניקל- CP,,FAUCET - TPSH190,"סטפן
אינטרפוץ 4 דרך",,341,399,,,598
40006,TPSH84,TPSH84,,ניקל CP,,FAUCET - TPSH84,שאטו גבוה מסתובב לכיור מונח,,361,422,,,633
40007,TPSH85,TPSH85,,ניקל CP,,FAUCET - TPSH85,שאטו בינוני מסתובב,,273,319,,,479
50005,TPSH295,TPSH295,TPSH295A,ניקל CP,,FAUCET - TPSH295,"קיו
נשלף למטבח",,495,579,,,868
50009,TPSH279,TPSH279,TPSH279A,ניקל CP,,FAUCET - TPSH279,"פרוני
נשלף למטבח",,390,456,,,684
50010,TPSH281,TPSH281,TPSH281A,ניקל CP,,FAUCET - TPSH281,"פרנה
נשלף למטבח",,420,491,,,737
66010,TPSH500,TPSH500,,ניקל,,FAUCET - TPSH500,טבעת עגולה דורין,,32,37,,,55
66018,TPSH518,TPSH518,,ניקל,,FAUCET - TPSH518,"מוט מגבת דורין
45 ס""מ",,37,44,,,65
66024,TPSH517,TPSH517,,ניקל,,FAUCET - TPSH517,"מוט מגבת דורין
60 ס""מ",,46,53,,,80
66051,TPSH514,TPSH514,,ניקל,,FAUCET - TPSH514,מדף זכוכית דורין,,64,74,,,112
66069,TPSH502,TPSH502,,ניקל,,FAUCET - TPSH502,סבוניה רשת דורין,,40,46,,,69
66083,TPSH503,TPSH503,,ניקל,,FAUCET - TPSH503,משאבת סבון דורין,,42,49,,,73
66085,TPSH504,TPSH504,,ניקל,,FAUCET - TPSH504,סבוניה זכוכית דורין,,32,38,,,57
66086,TPSH511,TPSH511,,ניקל,,FAUCET - TPSH511,מחזיק נייר סגור דורין,,32,38,,,57
66090,TPSH513,TPSH513,,ניקל,,FAUCET - TPSH513,מברשת אסלה תלויה דורין,,54,64,,,95
100000,TPSH349,TPSH349,,ניקל,,FAUCET - TPSH349,"איטליה
זרוע לראש מקלחת מהתקרה
25 ס”מ",,168,197,,,295
100000,TPSH350,TPSH349,,ברונזה,,FAUCET - TPSH349,"איטליה
זרוע לראש מקלחת מהתקרה
25 ס”מ",,280,328,,,491
100000,TPSH351,TPSH349,,שחור מט,,FAUCET - TPSH349,"איטליה
זרוע לראש מקלחת מהתקרה
25 ס”מ",,240,281,,,421
100000,TPSH352,TPSH349,,זהב,,FAUCET - TPSH349,"איטליה
זרוע לראש מקלחת מהתקרה
25 ס”מ",,264,309,,,463
102300,TPSH39,TPSH39,,ניקל CP,,FAUCET - TPSH39,איטליה דומו סוללה לאמבטיה ענתיק,,952,1114,,,1671
102300,TPSH40,TPSH40,,ברונזה,,FAUCET - TPSH40,איטליה דומו סוללה לאמבטיה ענתיק,,1352,1582,,,2373
105620,TPSH41,TPSH41,,ניקל CP,,FAUCET - TPSH41,איטליה דומו פרח נמוך לכיור רחצה,,640,749,,,1123
105620,TPSH42,TPSH42,,ברונזה,,FAUCET - TPSH42,איטליה דומו פרח נמוך לכיור רחצה,,784,917,,,1376
110000,TPSH344,TPSH344,,ניקל,,FAUCET - TPSH344,"איטליה
זרוע לראש מקלחת 40 ס”מ",,480,562,,,842
110000,TPSH345,TPSH344,,ברונזה,,FAUCET - TPSH344,"איטליה
זרוע לראש מקלחת 40 ס”מ",,672,786,,,1179
110000,TPSH346,TPSH344,,שחור מט,,FAUCET - TPSH344,"איטליה
זרוע לראש מקלחת 40 ס”מ",,672,786,,,1179
110000,TPSH347,TPSH344,,זהב,,FAUCET - TPSH344,"איטליה
זרוע לראש מקלחת 40 ס”מ",,720,842,,,1264
121241,TPSH268,TPSH268,TPSH268A,ניקל CP,,FAUCET - TPSH268,"פלגרינו
נשלף למטבח",,697,816,,,1224
121241,TPSH269,TPSH268,TPSH268A,ניקל מט SP,,FAUCET - TPSH268,"פלגרינו
נשלף למטבח",,816,955,,,1432
121241,TPSH270,TPSH270,TPSH270A,לבן WT,,FAUCET - TPSH270,"פלגרינו
נשלף למטבח",,816,955,,,1432
121241,TPSH271,TPSH271,TPSH271A,שחור BK,,FAUCET - TPSH271,"פלגרינו
נשלף למטבח",,816,955,,,1432
121241,TPSH272,TPSH272,,ברונזה YB,,FAUCET - TPSH272,"פלגרינו
נשלף למטבח",,850,995,,,1492
132000,TPSH353,TPSH353,,ניקל,,FAUCET - TPSH353,"איטליה
ראש מקלחת 15.5 ס”מ",,1032,1207,,,1811
142000,TPSH354,TPSH354,,ניקל,,FAUCET - TPSH354,"איטליה
ראש מקלחת מרובע 25.5 ס”מ",,1960,2293,,,3440
200000,TPSH77,TPSH77,,ניקל CP,,FAUCET - TPSH77,טרנטו איטליה אלכסוני פיה ארוכה,,176,206,,,309
200100,TPSH75,TPSH75,,ניקל CP,,FAUCET - TPSH75,טרנטו איטליה קשת גבוה פיה מסתובבת,,204,239,,,358
200400,TPSH78,TPSH78,,ניקל CP,,FAUCET - TPSH78,טרנטו איטליה סוללה לאמבטיה,,260,304,,,456
200600,TPSH83,TPSH83,,ניקל CP,,FAUCET - TPSH83,טרנטו איטליה סוללה מהקיר פיה ארוכה,,220,257,,,386
200700,TPSH72,TPSH72,TPSH72A,ניקל CP,,FAUCET - TPSH72,סיטי איטליה אינטרפוץ 3 דרך,,370,433,,,649
200713,TPSH47,TPSH47,,ניקל CP,,FAUCET - TPSH47,איטליה דומואינטרפוץ 3 דרך,,200,234,,,351
200713,TPSH48,,,ברונזה,,FAUCET - ,איטליה דומואינטרפוץ 3 דרך,,276,323,,,484
200800,TPSH79,TPSH79,,ניקל CP,,FAUCET - TPSH79,טרנטו איטליה נשלף למטבח,,290,339,,,509
201000,TPSH71,TPSH71,TPSH71A,ניקל CP,,FAUCET - TPSH71,סיטי איטליה אינטרפוץ 4 דרך,,570,667,,,1000
201013,TPSH45,TPSH45,,ניקל CP,,FAUCET - TPSH45,איטליה דומו אינטרפוץ 4 דרך,,380,445,,,667
201013,TPSH46,,,ברונזה,,FAUCET - ,איטליה דומו אינטרפוץ 4 דרך,,490,573,,,860
201800,TPSH80,TPSH80,,ניקל CP,,FAUCET - TPSH80,טרנטו איטליה אינטרפוץ 4 דרך,,280,328,,,491
202300,TPSH73,TPSH73,TPSH73A,ניקל CP,,FAUCET - TPSH73,סיטי איטליה מערכת קיר לכיור רחצה,,1210,1416,,,2124
210000,TPSH355,TPSH355,,ניקל,,FAUCET - TPSH355,"איטליה
ראש מקלחת קוטר 30 ס”מ",,1800,2106,,,3159
210000,TPSH356,TPSH355,,שחור,,FAUCET - TPSH355,"איטליה
ראש מקלחת קוטר 30 ס”מ",,1960,2293,,,3440
210600,TPSH76,TPSH76,,ניקל CP,,FAUCET - TPSH76,טרנטו איטליה אלכסוני פיה בינונית,,176,206,,,309
264000,TPSH336,TPSH336,,ניקל CP,,FAUCET - TPSH336,"איטליה
מתיזן מתכת + מתלה
וצינור 1.20 מטר",,294,344,,,516
264000,TPSH337,TPSH337,,ברונזה VOT,,FAUCET - TPSH337,"איטליה
מתיזן מתכת + מתלה
וצינור 1.20 מטר",,386,452,,,678
264000,TPSH338,TPSH338,,זהב ORO,,FAUCET - TPSH338,"איטליה
מתיזן מתכת + מתלה
וצינור 1.20 מטר",,480,562,,,842
289098,TPSH333,TPSH333,,ניקל,,FAUCET - TPSH333,"סט מזלף + מתלה
איטליה",,170,199,,,298
289098,TPSH334,TPSH333,,ברונזה,,FAUCET - TPSH333,"סט מזלף + מתלה
איטליה",,220,257,,,386
569009,TPSH261,TPSH261,TPSH261A,ניקל,,FAUCET - TPSH261,"קיאנטי
נשלף למטבח",,480,562,,,842
569013,TPSH278,TPSH278,TPSH278A,ניקל CP,,FAUCET - TPSH278,"נאצ’ו
נשלף למטבח",,440,515,,,772
569016,TPSH277,TPSH277,TPSH277A,ניקל CP,,FAUCET - TPSH277,"זוקה
קפיץ למטבח",,500,585,,,878
569067,TPSH259,TPSH259,,לבן/ניקל WCP,,FAUCET - TPSH259,"קסטלי
נשלף למטבח",,650,761,,,1141
569067,TPSH260,TPSH260,,שחור מט/ברונז ORB,,FAUCET - TPSH260,"קסטלי
נשלף למטבח",,700,819,,,1229
600701,TPSH541,TPSH541,,ניקל מט,,FAUCET - TPSH541,תעלת ניקוז לאריחי קרמיקה,"60 ס""מ",320,374,,,562
600720,TPSH543,TPSH543,,ניקל מט,,FAUCET - TPSH543,תעלת ניקוז רשת פסים,"60 ס""מ",324,379,,,569
600730,TPSH545,TPSH545,TPSH545A,ניקל מט,,FAUCET - TPSH545,תעלת ניקוז רשת מחורר,"60 ס""מ",324,379,,,569
664000,TPSH392,TPSH392,,ניקל CP,,FAUCET - TPSH392,"דומו איטליה
מוט מקלחת",,500,585,,,878
664000,TPSH393,TPSH392,,ברונזה YB,,FAUCET - TPSH392,"דומו איטליה
מוט מקלחת",,610,714,,,1071
664000,TPSH394,TPSH392,,זהב ZR,,FAUCET - TPSH392,"דומו איטליה
מוט מקלחת",,900,1053,,,1580
664000,TPSH49,TPSH49,,ניקל CP,,FAUCET - TPSH49,איטליה דומו מוט מקלחת וינטג’,,500,585,,,878
664000,TPSH50,,,ברונזה,,FAUCET - ,איטליה דומו מוט מקלחת וינטג’,,610,714,,,1071
664000,TPSH51,,,זהב,,FAUCET - ,איטליה דומו מוט מקלחת וינטג’,,900,1053,,,1580
800701,TPSH542,TPSH541,,ניקל מט,,FAUCET - TPSH541,תעלת ניקוז לאריחי קרמיקה,"80 ס""מ",350,410,,,614
800720,TPSH544,TPSH543,,ניקל מט,,FAUCET - TPSH543,תעלת ניקוז רשת פסים,"80 ס""מ",354,414,,,621
800730,TPSH546,TPSH546,TPSH546A,ניקל מט,,FAUCET - TPSH546,תעלת ניקוז רשת מחורר,"80 ס""מ",354,414,,,621
6111-12,TPSH496,TPSH496,,ניקל,,FAUCET - TPSH496,"ידית אחיזה 30 ס""מ דורין",,48,57,,,85
2007000,TPSH81,TPSH81,,ניקל CP,,FAUCET - TPSH81,טרנטו איטליה אינטרפוץ 3 דרך,,138,161,,,242
2010025,TPSH234,TPSH234,TPSH234A,ניקל- CP,,FAUCET - TPSH234,"בורדו
קבוע נמוך",,260,304,,,456
2010026,TPSH235,TPSH235,TPSH235A,ניקל- CP,,FAUCET - TPSH235,"בורדו
קבוע גבוה לכיור מונח",,297,347,,,521
2010026,TPSH236,TPSH235,TPSH235A,ניקל מט SP,,FAUCET - TPSH235,"בורדו
קבוע גבוה לכיור מונח",,385,450,,,675
2010149,TPSH242,TPSH242,TPSH242A,ניקל CP,,FAUCET - TPSH242,מרטן קבוע נמוך,,317,371,,,556
2010373,TPSH241,TPSH241,"TPSH241A, TPSH241B",ניקל CP,,FAUCET - TPSH241,"מרטן
קשת רחצה",,360,421,,,632
2010377,TPSH203,TPSH203,TPSH203A,ניקל- CP,,FAUCET - TPSH203,בונלי קבוע נמוך,,295,345,,,517
2010378,TPSH202,TPSH202,TPSH202A,ניקל- CP,,FAUCET - TPSH202,בונלי קבוע גבוה לכיור מונח,,383,448,,,672
2010386,TPSH217,TPSH217,TPSH217A,ניקל- CP,,FAUCET - TPSH217,"נאפה
קשת רחצה",,383,448,,,672
2060044,TPSH227,TPSH227,"TPSH227A, TPSH227B",ניקל- CP,,FAUCET - TPSH227,"סונומה
סוללה לאמבטיה",,497,582,,,873
2060058,TPSH228,TPSH228,"TPSH228A, TPSH228B",ניקל- CP,,FAUCET - TPSH228,"בורדו
סוללה לאמבטיה",,462,541,,,811
2060058,TPSH229,TPSH228,"TPSH228A, TPSH228B",ניקל מט SP,,FAUCET - TPSH228,"בורדו
סוללה לאמבטיה",,572,669,,,1004
2060087,TPSH423,TPSH423,,ניקל,,FAUCET - TPSH423,"נאפה
מערכת מקלחת בראס",,628,735,,,1102
2060105,TPSH424,TPSH424,,ניקל,,FAUCET - TPSH424,"סונומה
מערכת מקלחת בראס",,700,819,,,1229
2060183,TPSH215,TPSH215,TPSH215A,ניקל- CP,,FAUCET - TPSH215,נאפה סוללה לאמבטיה,,492,576,,,863
2060327,TPSH206,TPSH206,TPSH206A,ניקל- CP,,FAUCET - TPSH206,בונלי סוללה לאמבטיה,,497,582,,,873
2060331,TPSH198,TPSH198,TPSH198A,ניקל- CP,,FAUCET - TPSH198,בייליס סוללה לאמבטיה,,497,582,,,873
2070054,TPSH282,TPSH282,TPSH282A,ניקל CP,,FAUCET - TPSH282,"נאפה
נשלף למטבח",,495,579,,,868
2070054,TPSH283,TPSH282,TPSH282A,ניקל מט SP,,FAUCET - TPSH282,"נאפה
נשלף למטבח",,590,690,,,1035
2070056,TPSH216,TPSH216,TPSH216A,ניקל- CP,,FAUCET - TPSH216,נאפה 90 מעלות,,383,448,,,672
2070088,TPSH239,TPSH239,TPSH239A,ניקל CP,,FAUCET - TPSH239,"מרטן
בינוני מסתובב",,462,541,,,811
2070088,TPSH240,TPSH239,TPSH239A,ניקל מט SP,,FAUCET - TPSH239,"מרטן
בינוני מסתובב",,539,630,,,946
2070137,TPSH201,TPSH201,TPSH201A,ניקל- CP,,FAUCET - TPSH201,בונלי 90 מעלות,,383,448,,,672
2070158,TPSH302,TPSH302,TPSH302A,ניקל CP,,FAUCET - TPSH302,"בורדו
קשת מטבח",,226,265,,,397
2070158,TPSH303,TPSH302,TPSH302A,ניקל מט SP,,FAUCET - TPSH302,"בורדו
קשת מטבח",,292,342,,,513
2070180,TPSH245,TPSH245,TPSH245A,ניקל CP,,FAUCET - TPSH245,"דיביאנג'ו
אלכסוני קצר",,202,237,,,355
2070180,TPSH246,TPSH245,TPSH245A,ניקל מט SP,,FAUCET - TPSH245,"דיביאנג'ו
אלכסוני קצר",,257,301,,,451
2070189,TPSH262,TPSH262,TPSH262A,ניקל CP,,FAUCET - TPSH262,"קוואלי
נשלף למטבח",,506,592,,,888
2070189,TPSH263,TPSH262,TPSH262A,ניקל מט SP,,FAUCET - TPSH262,"קוואלי
נשלף למטבח",,616,721,,,1081
2070189,TPSH267,TPSH267,,שחור BK,,FAUCET - TPSH267,"קוואלי שחור
נשלף למטבח",,616,721,,,1081
2070252,TPSH287,TPSH287,TPSH287A,ניקל CP,,FAUCET - TPSH287,"מרטן
נשלף למטבח",,550,644,,,965
2070252,TPSH288,TPSH287,TPSH287A,ניקל מט SP,,FAUCET - TPSH287,"מרטן
נשלף למטבח",,660,772,,,1158
2070322,TPSH285,TPSH285,"TPSH285A, TPSH285B",ניקל CP,,FAUCET - TPSH285,"מרטן
קפיץ למטבח",,600,702,,,1053
2070322,TPSH286,TPSH285,"TPSH285A, TPSH285B",ניקל מט SP,,FAUCET - TPSH285,"מרטן
קפיץ למטבח",,696,814,,,1221
2070611,TPSH289,,TPSH289A,ניקל CP,,FAUCET - ,"בורדו
נשלף למטבח",,495,579,,,868
2070827,TPSH300,TPSH300,TPSH300A,ניקל CP,,FAUCET - TPSH300,"דיביאנג'ו
קשת מטבח",,226,265,,,397
2070827,TPSH301,TPSH300,TPSH300A,ניקל מט SP,,FAUCET - TPSH300,"דיביאנג'ו
קשת מטבח",,292,342,,,513
2070872,TPSH264,TPSH264,TPSH264A,ניקל CP,,FAUCET - TPSH264,"קוואלי פרימיום
נשלף למטבח",,546,639,,,958
2070872,TPSH265,TPSH264,TPSH264A,ניקל מט SP,,FAUCET - TPSH264,"קוואלי פרימיום
נשלף למטבח",,656,768,,,1151
2070872,TPSH266,TPSH264,TPSH264A,שחור BK,,FAUCET - TPSH264,"קוואלי פרימיום
נשלף למטבח",,656,768,,,1151
2080007,TPSH224,TPSH224,TPSH224A,ניקל- CP,,FAUCET - TPSH224,"סונומה
מערכת קיר לכיור רחצה",,490,574,,,861
2080074,TPSH226,TPSH226,TPSH226A,ניקל- CP,,FAUCET - TPSH226,"סונומה
אינטרפוץ 4 דרך",,378,443,,,664
2080075,TPSH225,TPSH225,TPSH225A,ניקל- CP,,FAUCET - TPSH225,"סונומה
אינטרפוץ 3 דרך",,260,304,,,456
2080129,TPSH249,TPSH249,TPSH249A,ניקל CP,,FAUCET - TPSH249,"דיביאנג'ו
אינטרפוץ 3 דרך",,231,270,,,405
2080157,TPSH250,TPSH250,TPSH250A,ניקל CP,,FAUCET - TPSH250,"דיביאנג'ו
אינטרפוץ 4 דרך",,341,399,,,598
2080161,TPSH214,TPSH214,TPSH214A,ניקל- CP,,FAUCET - TPSH214,"נאפה
מערכת קיר לכיור רחצה",,490,574,,,861
2080257,TPSH205,TPSH205,TPSH205A,ניקל- CP,,FAUCET - TPSH205,בונלי אינטרפוץ 3 דרך,,231,270,,,405
2080258,TPSH204,TPSH204,TPSH204A,ניקל- CP,,FAUCET - TPSH204,בונלי אינטרפוץ 4 דרך,,341,399,,,598
2080312,TPSH231,TPSH231,TPSH231A,ניקל- CP,,FAUCET - TPSH231,"בורדו
אינטרפוץ 3 דרך",,231,270,,,405
2080313,TPSH230,TPSH230,TPSH230A,ניקל- CP,,FAUCET - TPSH230,"בורדו
אינטרפוץ 4 דרך",,341,399,,,598
2080314,TPSH244,TPSH244,"TPSH244A, TPSH243B",ניקל CP,,FAUCET - TPSH244,"מרטן
אינטרפוץ 3 דרך",,231,270,,,405
2080315,TPSH243,TPSH243,"TPSH243A, TPSH243B",ניקל CP,,FAUCET - TPSH243,"מרטן
אינטרפוץ 4 דרך",,341,399,,,598
2080316,TPSH2,TPSH2,"TPSH1A, TPSH2A",ניקל CP,,FAUCET - TPSH2,פרנה ניקל אינטרפוץ 3 דרך,120*120,242,283,,,425
2080317,TPSH1,TPSH1,TPSH1A,ניקל CP,,FAUCET - TPSH1,פרנה ניקל מערכת קיר לכיור רחצה,,484,566,,,849
2080318,TPSH3,TPSH3,"TPSH1A, TPSH3A",ניקל CP,,FAUCET - TPSH3,פרנה ניקל אינטרפוץ 4 דרך,165*165,374,438,,,656
2100002,TPSH304,TPSH304,,ניקל,,FAUCET - TPSH304,מיסוני פרח מים קרים,,128,150,,,225
2200005,TPSH324,TPSH324,,ניקל,,FAUCET - TPSH324,נקודת מים ענתיק + מתלה,,120,140,,,211
"
A5656-6B",TPSH314,TPSH314,,ניקל,,FAUCET - TPSH314,"שירל
פרח שטוח (פיה ארוכה)",,86,100,,,150
00013,TPSH565,TPSH565,,ניקל,,FAUCET - TPSH565,מזלף לנשלף נאפה,,56,66,,,98
00013,TPSH566,TPSH565,,ניקל מט,,FAUCET - TPSH565,מזלף לנשלף נאפה,,68,80,,,119
00054,TPSH547,TPSH547,,ניקל,,FAUCET - TPSH547,מזלף לנשלף נאפה,,56,66,,,98
00054,TPSH548,TPSH547,,ניקל מט,,FAUCET - TPSH547,מזלף לנשלף נאפה,,68,80,,,119
00189,TPSH553,TPSH553,,ניקל,,FAUCET - TPSH553,"מזלף לנשלף
קוואלי",,56,66,,,98
00189,TPSH554,TPSH553,,ניקל מט,,FAUCET - TPSH553,"מזלף לנשלף
קוואלי",,68,80,,,119
00189,TPSH555,TPSH553,,שחור,,FAUCET - TPSH553,"מזלף לנשלף
קוואלי",,68,80,,,119
004CP,TPSH535,TPSH535,,ניקל,,FAUCET - TPSH535,ונטיל לחיצה 1/4 1 מרובע,,66,77,,,116
004YB,TPSH536,TPSH535,,ברונזה,,FAUCET - TPSH535,ונטיל לחיצה 1/4 1 מרובע,,94,110,,,165
005,TPSH563,TPSH563,,ניקל,,FAUCET - TPSH563,מזלף לנשלף קיו,,56,66,,,98
005,TPSH564,TPSH563,,ניקל מט,,FAUCET - TPSH563,מזלף לנשלף קיו,,68,80,,,119
007BK,TPSH528,TPSH525,,שחור מט,,FAUCET - TPSH525,סיפון 1/4 1,,269,314,,,472
007CP,TPSH525,TPSH525,,ניקל,,FAUCET - TPSH525,סיפון 1/4 1,,70,82,,,123
007ORO,TPSH527,TPSH525,,זהב,,FAUCET - TPSH525,סיפון 1/4 1,,269,314,,,472
007YB,TPSH526,TPSH525,,ברונזה,,FAUCET - TPSH525,סיפון 1/4 1,,130,152,,,228
0080B,TPSH533,TPSH531,,שחור מט,,FAUCET - TPSH531,ונטיל לחיצה 1/4 1 עגול,,202,236,,,354
0080CP,TPSH531,TPSH531,,ניקל,,FAUCET - TPSH531,ונטיל לחיצה 1/4 1 עגול,,58,68,,,102
0080ORO,TPSH534,TPSH531,,זהב,,FAUCET - TPSH531,ונטיל לחיצה 1/4 1 עגול,,202,236,,,354
0080YB,TPSH532,TPSH531,,ברונזה,,FAUCET - TPSH531,ונטיל לחיצה 1/4 1 עגול,,84,98,,,147
008CP,TPSH529,TPSH529,,ניקל,,FAUCET - TPSH529,סיפון 1/4 S 1,,44,51,,,77
008YB,TPSH530,TPSH529,,ברונזה,,FAUCET - TPSH529,סיפון 1/4 S 1,,80,94,,,140
01380YB,TPSH10,TPSH10,,ברונזה,,FAUCET - TPSH10,פרנה ברונזה ראש מקלחת עגול וינטג’,"20 ס""מ",462,541,,,811
01380YB,TPSH147,TPSH146,TPSH146A,ברונזה,,FAUCET - TPSH146,"פרנה ברונזה
ראש מקלחת עגול וינטג’
20 ס”מ",,462,541,,,811
01380YB,TPSH361,TPSH361,,ברונזה,,FAUCET - TPSH361,"פרנה ברונזה
ראש מקלחת וינטג’
20 ס”מ",,462,541,,,811
017,TPSH561,TPSH561,,ניקל,,FAUCET - TPSH561,מזלף לנשלף דומינדו,,56,66,,,98
017,TPSH562,TPSH561,,ניקל מט,,FAUCET - TPSH561,מזלף לנשלף דומינדו,,68,80,,,119
018YB,TPSH15,TPSH15,,ברונזה,,FAUCET - TPSH15,פרנה ברונזה מזלף,,143,167,,,251
020,TPSH556,TPSH556,,ניקל,,FAUCET - TPSH556,מזלף לנשלף תעשייתי,,260,304,,,456
0316 ZR,TPSH27,TPSH27,,זהב,,FAUCET - TPSH27,פרנה גולד צינור זהב 1.5 מ',,90,105,,,158
0316YB,TPSH14,TPSH14,,ברונזה,,FAUCET - TPSH14,פרנה ברונזה צינור 1.5 מ',1.5 מטר,90,105,,,158
0316YB,TPSH150,TPSH149,,ברונזה,,FAUCET - TPSH149,"פרנה ברונזה
צינור 1.5 מ'",,90,105,,,158
033,TPSH559,TPSH559,,ניקל,,FAUCET - TPSH559,מזלף לנשלף קוטור,,56,66,,,98
033,TPSH560,TPSH559,,ניקל מט,,FAUCET - TPSH559,מזלף לנשלף קוטור,,68,80,,,119
052,TPSH549,TPSH549,,ניקל,,FAUCET - TPSH549,מזלף למיסוני מפרקי,,56,66,,,98
052,TPSH550,TPSH549,,ניקל מט,,FAUCET - TPSH549,מזלף למיסוני מפרקי,,68,80,,,119
10012-5,TPSH153,TPSH153,TPSH153A,ניקל - WT לבן,,FAUCET - TPSH153,"מרקזה
מערכת קיר לכיור רחצה",,590,690,,,1035
10012-6,TPSH159,TPSH159,,ניקל- BK -שחור,,FAUCET - TPSH159,"מרקזה
מערכת קיר לכיור רחצה",,590,690,,,1035
10012-7,TPSH165,TPSH165,,ניקל- סילבר - S8615,,FAUCET - TPSH165,"מרקזה
מערכת קיר לכיור רחצה",,590,690,,,1035
10012-8,TPSH171,TPSH171,,ניקל- זהב אפריקאי,,FAUCET - TPSH171,"מרקזה
מערכת קיר לכיור רחצה",,590,690,,,1035
10012-9,TPSH177,TPSH177,,ניקל- שחור מטאלי,,FAUCET - TPSH177,"מרקזה
מערכת קיר לכיור רחצה",,590,690,,,1035
10015 DH,TPSH113,TPSH113,TPSH113A,שחור,,FAUCET - TPSH113,"שאטו שחור מט
מערכת קיר לכיור רחצה",,600,702,,,1053
10015 SP,TPSH122,TPSH122,TPSH122A,ניקל מט,,FAUCET - TPSH122,"שאטו ניקל מט
מערכת קיר לכיור רחצה",,496,580,,,870
10015 YB,TPSH110,TPSH110,TPSH110A,ברונזה,,FAUCET - TPSH110,"שאטו ברונזה
מערכת קיר לכיור רחצה",,600,702,,,1053
100170-10CP,TPSH5,TPSH4,"TPSH4A, TPSH5, TPSH5A",ניקל,,FAUCET - TPSH4,פרנה ניקל מערכת מקלחת בראס פרימיום +ּ ראש ומזלף וינטג’,,810,948,,,1422
100170CP,TPSH4,TPSH4,TPSH4A,ניקל,,FAUCET - TPSH4,פרנה ניקל מערכת מקלחת בראס,,590,690,,,1035
10024 DH,TPSH127,TPSH127,,שחור מט,,FAUCET - TPSH127,"וולנטה שחור מט
מערכת קיר לכיור רחצה",,640,749,,,1123
10024 SP,TPSH134,TPSH134,TPSH134A,ניקל מט,,FAUCET - TPSH134,"וולנטה ניקל מט
מערכת קיר לכיור רחצה",,536,627,,,941
10024 YB,TPSH141,TPSH141,TPSH141A,ברונזה,,FAUCET - TPSH141,"וולנטה ברונזה
מערכת קיר לכיור רחצה",,640,749,,,1123
10029CP,TPSH290,TPSH290,TPSH290A,ניקל CP,,FAUCET - TPSH290,"קוטיניו
קפיץ למטבח",,376,440,,,660
10042-10,TPSH99,TPSH99,TPSH99A,ניקל,,FAUCET - TPSH99,"שאטו פרימיום
סוללה לאמבטיה",,502,587,,,881
10042-10 YB,TPSH107,TPSH107,TPSH107A,ברונזה,,FAUCET - TPSH107,"שאטו ברונזה סוללה
לאמבטיה",,780,913,,,1369
10175-5,TPSH152,TPSH152,TPSH152A,ניקל - WT לבן,,FAUCET - TPSH152,מרקזה 90 מעלות,,460,538,,,807
10175-6,TPSH158,TPSH158,,ניקל- BK -שחור,,FAUCET - TPSH158,מרקזה 90 מעלות,,460,538,,,807
10175-7,TPSH164,TPSH164,,ניקל- סילבר - S8614,,FAUCET - TPSH164,מרקזה 90 מעלות,,460,538,,,807
10175-8,TPSH170,TPSH170,,ניקל- זהב אפריקאי,,FAUCET - TPSH170,מרקזה 90 מעלות,,460,538,,,807
10175-9,TPSH176,TPSH176,,ניקל- שחור מטאלי,,FAUCET - TPSH176,מרקזה 90 מעלות,,460,538,,,807
10330-5,TPSH155,TPSH155,TPSH155A,ניקל - WT לבן,,FAUCET - TPSH155,"מרקזה
קבוע בינוני לכיור רחצה",,460,538,,,807
10330-6,TPSH161,TPSH161,,ניקל- BK -שחור,,FAUCET - TPSH161,"מרקזה
קבוע בינוני לכיור רחצה",,460,538,,,807
10330-7,TPSH167,TPSH167,,ניקל- סילבר - S8617,,FAUCET - TPSH167,"מרקזה
קבוע בינוני לכיור רחצה",,460,538,,,807
10330-8,TPSH173,TPSH173,,ניקל- זהב אפריקאי,,FAUCET - TPSH173,"מרקזה
קבוע בינוני לכיור רחצה",,460,538,,,807
10330-9,TPSH179,TPSH179,,ניקל- שחור מטאלי,,FAUCET - TPSH179,"מרקזה
קבוע בינוני לכיור רחצה",,460,538,,,807
10331-5,TPSH154,TPSH154,TPSH154A,ניקל - WT לבן,,FAUCET - TPSH154,"מרקזה
קבוע גבוה לכיור מונח",,530,620,,,930
10331-6,TPSH160,TPSH160,,ניקל- BK -שחור,,FAUCET - TPSH160,"מרקזה
קבוע גבוה לכיור מונח",,530,620,,,930
10331-7,TPSH166,TPSH166,,ניקל- סילבר - S8616,,FAUCET - TPSH166,"מרקזה
קבוע גבוה לכיור מונח",,530,620,,,930
10331-8,TPSH172,TPSH172,,ניקל- זהב אפריקאי,,FAUCET - TPSH172,"מרקזה
קבוע גבוה לכיור מונח",,530,620,,,930
10331-9,TPSH178,TPSH178,,ניקל- שחור מטאלי,,FAUCET - TPSH178,"מרקזה
קבוע גבוה לכיור מונח",,530,620,,,930
103B,TPSH473,TPSH473,,שחור מט,,FAUCET - TPSH473,בוקה רשת פינתית בודדת,,140,164,,,246
103CP,TPSH425,TPSH425,,ניקל,,FAUCET - TPSH425,ספאדה רשת פינתית כפולה,,288,337,,,505
103F,TPSH458,TPSH458,,ניקל מט,,FAUCET - TPSH458,בוקה רשת פינתית בודדת,,140,164,,,246
103YB,TPSH443,TPSH443,,ברונזה,,FAUCET - TPSH443,ספאדה ברונזה רשת פינתית כפולה,,380,445,,,667
103ZR,TPSH434,TPSH434,,זהב,,FAUCET - TPSH434,ספאדה גולד רשת פינתית כפולה,,380,445,,,667
1040 SO,TPSH37,TPSH37,TPSH37A,ניקל CP,,FAUCET - TPSH37,איטליה דומו ענתיק לכיור רחצה,,610,714,,,1071
1040 SO,TPSH38,TPSH38,TPSH37A,ברונזה,,FAUCET - TPSH38,איטליה דומו ענתיק לכיור רחצה,,756,885,,,1327
110H,TPSH492,TPSH492,,ניקל,,FAUCET - TPSH492,רשת מלבנית 2 קומות למקלחון רוש-אס,,262,306,,,459
1380 DH,TPSH132,TPSH132,,שחור מט,,FAUCET - TPSH132,"וולנטה שחור מט
ראש מקלחת וינטג’",,462,541,,,811
1380 DH,TPSH359,TPSH359,,שחור מט,,FAUCET - TPSH359,"וולנטה שחור מט
ראש מקלחת וינטג’",,462,541,,,811
1380 SP,TPSH139,TPSH139,,ניקל מט,,FAUCET - TPSH139,"וולנטה ניקל מט
ראש מקלחת וינטג’",,396,463,,,695
1380 SP,TPSH360,TPSH360,,ניקל מט,,FAUCET - TPSH360,"וולנטה ניקל מט
ראש מקלחת וינטג’",,396,463,,,695
1859CP,TPSH363,TPSH363,,ניקל,,FAUCET - TPSH363,"פרנה ניקל
ראש מקלחת וינטג’
20 ס”מ",,298,349,,,523
1859ZR,TPSH24,TPSH24,,זהב,,FAUCET - TPSH24,פרנה גולד ראש מקלחת עגול וינטג’,,744,870,,,1305
1859ZR,TPSH362,TPSH362,,גולד,,FAUCET - TPSH362,"פרנה גולד
ראש מקלחת וינטג’",,462,541,,,811
1888YB,TPSH13,TPSH13,,ברונזה,,FAUCET - TPSH13,פרנה ברונזה מזלף וינטג’,,160,187,,,281
1888YB,TPSH149,TPSH149,,ברונזה,,FAUCET - TPSH149,"פרנה ברונזה
מזלף וינטג’",,160,187,,,281
20001 - A,TPSH196,TPSH196,TPSH196A,ניקל- CP,,FAUCET - TPSH196,"בייליס
קבוע גבוה לכיור מונח",,383,448,,,672
20004 DH,TPSH115,TPSH115,,שחור,,FAUCET - TPSH115,"שאטו שחור מט
אינטרפוץ 4 דרך",,572,669,,,1004
20004 SP,TPSH120,TPSH120,,ניקל מט,,FAUCET - TPSH120,"שאטו ניקל מט
אינטרפוץ 4 דרך",,449,525,,,788
20004 YB,TPSH111,TPSH111,,ברונזה,,FAUCET - TPSH111,שאטו ברונזה אינטרפוץ 4 דרך,,572,669,,,1004
20004-10,TPSH98,TPSH98,TPSH98A,ניקל,,FAUCET - TPSH98,"שאטו פרימיום
אינטרפוץ 4 דרך",,381,446,,,668
20004-10 YB,TPSH104,TPSH104,TPSH104A,ברונזה,,FAUCET - TPSH104,שאטו ברונזה אינטרפוץ 4 דרך,,572,669,,,1004
200100-2,TPSH74,TPSH74,,ניקל CP,,FAUCET - TPSH74,טרנטו איטליה קשת קצר פיה מסתובבת,,204,239,,,358
20018-10,TPSH91,TPSH91,TPSH91A,ניקל CP,,FAUCET - TPSH91,שאטו פרימיום 90 מעלות גבוה,,313,366,,,549
20018-10,TPSH91,TPSH91,TPSH91A,ניקל מט SP,,FAUCET - TPSH91,שאטו פרימיום 90 מעלות גבוה,,383,448,,,672
20018-10 YB,TPSH100,TPSH100,TPSH100A,ברונזה,,FAUCET - TPSH100,"שאטו ברונזה
900 גבוה",,427,499,,,749
20021 DH,TPSH116,TPSH116,,שחור,,FAUCET - TPSH116,"שאטו שחור מט
אינטרפוץ 3 דרך",,341,399,,,598
20021 SP,TPSH121,TPSH121,,ניקל מט,,FAUCET - TPSH121,"שאטו ניקל מט
אינטרפוץ 3 דרך",,304,356,,,534
20021 YB,TPSH112,TPSH112,,ברונזה,,FAUCET - TPSH112,שאטו ברונזה אינטרפוץ 3 דרך,,341,399,,,598
20021-10,TPSH97,TPSH97,TPSH97A,ניקל,,FAUCET - TPSH97,"שאטו פרימיום
אינטרפוץ 3 דרך",,271,317,,,475
20021-10 YB,TPSH105,TPSH105,TPSH105A,ברונזה,,FAUCET - TPSH105,שאטו ברונזה אינטרפוץ 3 דרך,,341,399,,,598
20023-10,TPSH92,TPSH92,TPSH92A,ניקל CP,,FAUCET - TPSH92,שאטו פרימיום 90 מעלות נמוך,,313,366,,,549
20023-10,TPSH92,TPSH92,TPSH92A,ניקל מט SP,,FAUCET - TPSH92,שאטו פרימיום 90 מעלות נמוך,,383,448,,,672
20023-10 YB,TPSH101,TPSH101,TPSH101A,ברונזה,,FAUCET - TPSH101,"שאטו ברונזה
900 גבוה",,427,499,,,749
20028 YB,TPSH6,TPSH6,TPSH1A,ברונזה,,FAUCET - TPSH6,פרנה ברונזה לכיור רחצה נמוך,,715,837,,,1255
20028 ZR,TPSH19,TPSH19,"TPSH19A, TPSH1A",זהב,,FAUCET - TPSH19,פרנה גולד לכיור רחצה נמוך,,715,837,,,1255
20031-10,TPSH94,TPSH94,TPSH94A,ניקל CP,,FAUCET - TPSH94,שאטו פרימיום קשת רחצה,,313,366,,,549
20031-10,TPSH94,TPSH94,TPSH94A,ניקל מט SP,,FAUCET - TPSH94,שאטו פרימיום קשת רחצה,,383,448,,,672
20031-10 YB,TPSH102,TPSH102,TPSH102A,ברונזה,,FAUCET - TPSH102,"שאטו ברונזה
900 גבוה",,427,499,,,749
200600-2,TPSH82,TPSH82,,ניקל CP,,FAUCET - TPSH82,טרנטו איטליה סוללה מהקיר פיה קצרה,,220,257,,,386
20061 CP,TPSH124,TPSH124,,ניקל,,FAUCET - TPSH124,"וולנטה ניקל
אינטרפוץ 4 דרך",,421,492,,,739
20061 DH,TPSH130,TPSH130,,שחור מט,,FAUCET - TPSH130,"וולנטה שחור מט
אינטרפוץ 4 דרך",,612,716,,,1074
20061 SP,TPSH137,TPSH137,,ניקל מט,,FAUCET - TPSH137,"וולנטה ניקל מט
אינטרפוץ 4 דרך",,489,572,,,858
20061 YB,TPSH145,TPSH145,,ברונזה,,FAUCET - TPSH145,"וולנטה ברונזה
אינטרפוץ 4 דרך",,612,716,,,1074
20061 YB,TPSH148,TPSH148,,ברונזה,,FAUCET - TPSH148,"וולנטה ברונזה
אינטרפוץ 4 דרך",,612,716,,,1074
20083-6,TPSH156,TPSH156,,ניקל- BK -שחור,,FAUCET - TPSH156,"מרקזה
אינטרפוץ 3 דרך",,284,332,,,498
20083-7,TPSH163,TPSH163,,ניקל- סילבר - S8613,,FAUCET - TPSH163,"מרקזה
אינטרפוץ 3 דרך",,284,332,,,498
20083-8,TPSH169,TPSH169,,ניקל- זהב אפריקאי,,FAUCET - TPSH169,"מרקזה
אינטרפוץ 3 דרך",,284,332,,,498
20083-9,TPSH175,TPSH175,,ניקל- שחור מטאלי,,FAUCET - TPSH175,"מרקזה
אינטרפוץ 3 דרך",,284,332,,,498
20097 CP,TPSH123,TPSH123,,ניקל,,FAUCET - TPSH123,"וולנטה ניקל
אינטרפוץ 3 דרך",,310,363,,,544
20097 DH,TPSH133,TPSH133,,שחור מט,,FAUCET - TPSH133,"וולנטה שחור מט
אינטרפוץ 3 דרך",,380,445,,,667
20097 SP,TPSH140,TPSH140,,ניקל מט,,FAUCET - TPSH140,"וולנטה ניקל מט
אינטרפוץ 3 דרך",,352,412,,,618
20097 YB,TPSH144,TPSH144,,ברונזה,,FAUCET - TPSH144,"וולנטה ברונזה
אינטרפוץ 3 דרך",,380,445,,,667
2010305 ZR,TPSH20,TPSH20,TPSH20A,זהב,,FAUCET - TPSH20,פרנה גולד קבוע נמוך,,341,399,,,598
2019 SO,TPSH70,TPSH70,TPSH70A,ניקל CP,,FAUCET - TPSH70,סיטי איטליה קבוע בינוני,,1000,1170,,,1755
2022 SO,TPSH69,TPSH69,TPSH69A,ניקל CP,,FAUCET - TPSH69,סיטי איטליה קבוע גבוה לכיור מונח,,1230,1439,,,2159
2060103YB,TPSH17,TPSH17,,ברונזה,,FAUCET - TPSH17,פרנה ברונזה מערכת מקלחת בראס,,1300,1521,,,2282
2060103ZR,TPSH30,TPSH30,,זהב,,FAUCET - TPSH30,פרנה גולד מערכת מקלחת בראס,,1300,1521,,,2282
2070088 B,TPSH237,TPSH237,TPSH237A,ניקל- CP,,FAUCET - TPSH237,"מרטן
גבוה מסתובב
לכיור מונח",,506,592,,,888
2070089 B,TPSH238,TPSH237,TPSH237A,ניקל מט SP,,FAUCET - TPSH237,"מרטן
גבוה מסתובב
לכיור מונח",,583,682,,,1023
2070158-2,TPSH232,TPSH232,TPSH232A,ניקל- CP,,FAUCET - TPSH232,"בורדו
קשת רחצה",,226,265,,,397
2070158-2,TPSH233,TPSH232,TPSH232A,ניקל מט SP,,FAUCET - TPSH232,"בורדו
קשת רחצה",,292,342,,,513
2070180-2,TPSH298,TPSH298,,ניקל CP,,FAUCET - TPSH298,"דיביאנג'ו
אלכסוני ארוך למטבח",,202,237,,,355
2070180-2,TPSH299,TPSH298,TPSH298,ניקל מט SP,,FAUCET - TPSH298,"דיביאנג'ו
אלכסוני ארוך למטבח",,257,301,,,451
2070327 ZR,TPSH21,TPSH21,TPSH21A,זהב,,FAUCET - TPSH21,פרנה גולד גבוה מסתובב לכיור מונח,,638,746,,,1120
2070328 YB,TPSH7,TPSH7,TPSH1A,ברונזה,,FAUCET - TPSH7,פרנה ברונזה לכיור רחצה גבוה,,759,888,,,1332
2070328 ZR,TPSH18,TPSH18,"TPSH18A, TPSH1A",זהב,,FAUCET - TPSH18,פרנה גולד לכיור רחצה גבוה,,759,888,,,1332
2070827-2,TPSH247,TPSH247,TPSH247A,ניקל CP,,FAUCET - TPSH247,"דיביאנג'ו
קשת רחצה",,226,265,,,397
2070827-3,TPSH248,TPSH247,TPSH247A,ניקל מט SP,,FAUCET - TPSH247,"דיביאנג'ו
קשת רחצה",,292,342,,,513
208 ZR,TPSH28,TPSH28,,זהב,,FAUCET - TPSH28,פרנה גולד מזלף זהב,,143,167,,,251
2080316 YB,TPSH16,TPSH16,TPSH1A,ברונזה,,FAUCET - TPSH16,פרנה ברונזה אינטרפוץ 3 דרך,,341,399,,,598
2080316ZR,TPSH31,TPSH31,,זהב,,FAUCET - TPSH31,פרנה גולד אינטרפוץ 3 דרך,,341,399,,,598
2080317 ZR,TPSH22,TPSH22,TPSH22A,זהב,,FAUCET - TPSH22,פרנה גולד מערכת קיר לכיור רחצה,,695,813,,,1220
2080317-02,TPSH89,TPSH89,TPSH89A,ניקל CP,,FAUCET - TPSH89,שאטו מערכת קיר לכיור רחצה,,480,562,,,842
2080317-03 YB,TPSH8,TPSH8,TPSH1A,ברונזה,,FAUCET - TPSH8,פרנה ברונזה מערכת קיר לכיור רחצה,,695,813,,,1220
2080317-10,TPSH96,TPSH96,,ניקל CP,,FAUCET - TPSH96,"שאטו פרימיום
מערכת קיר לכיור רחצה",,520,608,,,913
2080318 ZR,TPSH29,TPSH29,,זהב,,FAUCET - TPSH29,פרנה גולד אינטרפוץ 4 דרך,,572,669,,,1004
2080318YB,TPSH11,TPSH11,,ברונזה,,FAUCET - TPSH11,פרנה ברונזה אינטרפוץ 4 דרך,,572,669,,,1004
2100002 YB,TPSH305,TPSH305,,ברונזה,,FAUCET - TPSH305,מיסוני ברונזה פרח מים קרים,,160,187,,,281
21001 - B,TPSH197,TPSH197,TPSH197A,ניקל- CP,,FAUCET - TPSH197,"בייליס
קבוע נמוך",,260,304,,,456
2200006YB,TPSH146,TPSH146,TPSH146A,ברונזה,,FAUCET - TPSH146,"פרנה ברונזה
זרוע לראש מקלחת
40 ס”מ",,209,244,,,366
2200006YB,TPSH9,TPSH9,,ברונזה,,FAUCET - TPSH9,פרנה ברונזה זרוע לראש מקלחת,"40 ס""מ",209,244,,,366
220006 ZR,TPSH25,TPSH25,,זהב,,FAUCET - TPSH25,פרנה גולד זרוע לראש מקלחת,,209,244,,,366
220006YB,TPSH343,TPSH343,,ברונזה,,FAUCET - TPSH343,"פרנה ברונזה
זרוע לראש מקלחת 40 ס”מ",,209,244,,,366
220006ZR,TPSH342,TPSH342,,זהב,,FAUCET - TPSH342,"פרנה גולד
זרוע לראש מקלחת 40 ס”מ",,209,244,,,366
2200238 DH,TPSH131,TPSH131,,שחור מט,,FAUCET - TPSH131,"וולנטה שחור מט
נקודת מים עגולה + מתלה",,121,141,,,212
2200238 DH,TPSH318,TPSH318,,שחור מט,,FAUCET - TPSH318,"וולטנה שחור מט
נקודת מים + מתלה",,121,141,,,212
2200238 SP,TPSH138,TPSH138,,ניקל מט,,FAUCET - TPSH138,"וולנטה ניקל מט
נקודת מים עם מתלה",,104,122,,,183
2200238 ZR,TPSH26,TPSH26,,זהב,,FAUCET - TPSH26,פרנה גולד נקודת מים,,121,141,,,212
2200238 ZR,TPSH320,TPSH320,,זהב,,FAUCET - TPSH320,"פרנה גולד
נקודת מים זהב",,121,141,,,212
2200238SP,TPSH319,TPSH319,,ניקל מט,,FAUCET - TPSH319,"וולטה ניקל מט
נקודת מים + מתלה",,104,122,,,183
2200238YB,TPSH12,TPSH12,,ברונזה,,FAUCET - TPSH12,פרנה ברונזה נקודת מים,,121,141,,,212
2200238YB,TPSH151,TPSH149,,ברונזה,,FAUCET - TPSH149,"פרנה ברונזה
נקודת מים",,121,141,,,212
2200238YB,TPSH322,TPSH322,,ברונזה,,FAUCET - TPSH322,"פרנה ברונזה
נקודת מים + מתלה",,121,141,,,212
2200240 ZR,TPSH23,TPSH23,,זהב,,FAUCET - TPSH23,פרנה גולד ראש מקלחת עגול 20 ס”מ,,462,541,,,811
252,TPSH551,TPSH551,,ניקל,,FAUCET - TPSH551,מזלף לנשלף מרטן,,100,117,,,176
252,TPSH552,TPSH551,,ניקל מט,,FAUCET - TPSH551,מזלף לנשלף מרטן,,128,150,,,225
30038-6,TPSH157,TPSH157,,ניקל- BK -שחור,,FAUCET - TPSH157,"מרקזה
אינטרפוץ 4 דרך",,432,505,,,758
30038-7,TPSH162,TPSH162,,ניקל- סילבר - S8612,,FAUCET - TPSH162,"מרקזה
אינטרפוץ 4 דרך",,432,505,,,758
30038-8,TPSH168,TPSH168,,ניקל- זהב אפריקאי,,FAUCET - TPSH168,"מרקזה
אינטרפוץ 4 דרך",,432,505,,,758
30038-9,TPSH174,TPSH174,,ניקל- שחור מטאלי,,FAUCET - TPSH174,"מרקזה
אינטרפוץ 4 דרך",,432,505,,,758
30126 DH,TPSH131,TPSH131,,שחור מט,,FAUCET - TPSH131,"וולנטה שחור מט
מזלף 3 מצבים",,116,136,,,204
30126 DH,TPSH368,TPSH368,,שחור מט,,FAUCET - TPSH368,"וולנטה שחור מט
מזלף 3 מצבים",,116,136,,,204
30126 SP,TPSH138,TPSH138,,ניקל מט,,FAUCET - TPSH138,"וולנטה ניקל מט
מזלף וינטג’",,136,159,,,239
40006 DH,TPSH117,TPSH117,,שחור,,FAUCET - TPSH117,"שאטו שחור מט גבוה
מסתובב לכיור מונח",,515,602,,,903
40006 SP,TPSH118,TPSH118,,ניקל מט,,FAUCET - TPSH118,"שאטו ניקל מט גבוה
מסתובב לכיור מונח",,471,551,,,826
40006 YB,TPSH109,TPSH109,,ברונזה,,FAUCET - TPSH109,"שאטו ברונזה גבוה
מסתובב לכיור מונח",,515,602,,,903
40006-10,TPSH95,TPSH95,"TPSH95, TPSH95A, TPSH95B",ניקל CP,,FAUCET - TPSH95,"שאטו פרימיום, גבוה מסתובב, לכיור מונח",,401,469,,,703
40006-10,TPSH95,TPSH95,"TPSH95, TPSH95A, TPSH95B",ניקל מט SP,,FAUCET - TPSH95,"שאטו פרימיום, גבוה מסתובב, לכיור מונח",,471,551,,,826
40006-10 YB,TPSH106,TPSH106,TPSH106A,ברונזה,,FAUCET - TPSH106,"שאטו ברונזה גבוה
מסתובב לכיור מונח",,515,602,,,903
40007 DH,TPSH114,TPSH114,,שחור,,FAUCET - TPSH114,שאטו שחור מט בינוני מסתובב,,427,499,,,749
40007 SP,TPSH119,TPSH119,,ניקל מט,,FAUCET - TPSH119,שאטו ניקל מט בינוני מסתובב,,383,448,,,672
40007 YB,TPSH108,TPSH108,,ברונזה,,FAUCET - TPSH108,"שאטו ברונזה בינוני
מסתובב",,427,499,,,749
40007-10,TPSH93,TPSH93,TPSH93A,ניקל CP,,FAUCET - TPSH93,שאטו פרימיום בינוני מסתובב,,313,366,,,549
40007-10,TPSH93,TPSH93,TPSH93A,ניקל מט SP,,FAUCET - TPSH93,שאטו פרימיום בינוני מסתובב,,383,448,,,672
40007-10 YB,TPSH103,TPSH103,TPSH103A,ברונזה,,FAUCET - TPSH103,"שאטו ברונזה
900 גבוה",,427,499,,,749
40015 CP,TPSH125,TPSH125,,ניקל,,FAUCET - TPSH125,"וולנטה ניקל גבוה
מסתובב לכיור מונח",,440,515,,,772
40015 DH,TPSH128,TPSH128,,שחור מט,,FAUCET - TPSH128,"וולנטה שחור מט
גבוה מסתובב לכיור מונח",,560,655,,,983
40015 SP,TPSH136,TPSH136,,ניקל מט,,FAUCET - TPSH136,"וולנטה ניקל מט
גבוה מסתובב לכיור מונח",,510,597,,,895
40015 YB,TPSH142,TPSH142,,ברונזה,,FAUCET - TPSH142,"וולנטה ברונזה
גבוה מסתובב לכיור מונח",,560,655,,,983
40016 CP,TPSH126,TPSH126,,ניקל,,FAUCET - TPSH126,"וולנטה ניקל בינוני
מסתובב",,353,413,,,620
40016 DH,TPSH129,TPSH129,,שחור מט,,FAUCET - TPSH129,"וולנטה שחור מט
בינוני מסתובב",,467,547,,,820
40016 SP,TPSH135,TPSH135,,ניקל מט,,FAUCET - TPSH135,"וולנטה ניקל מט
בינוני מסתובב",,423,495,,,743
40016 YB,TPSH143,TPSH143,,ברונזה,,FAUCET - TPSH143,"וולנטה ברונזה
בינוני מסתובב",,467,547,,,820
5656-19,TPSH309,TPSH309,,ניקל,,FAUCET - TPSH309,"שירל
אינטרפוץ 3 דרך",,105,123,,,184
5656-8A,TPSH310,TPSH310,,ניקל,,FAUCET - TPSH310,"שירל
סוללה מהקיר (פיה קצרה)",,131,153,,,230
611,TPSH557,TPSH557,,ניקל,,FAUCET - TPSH557,מזלף לנשלף בורדו,,56,66,,,98
611,TPSH558,TPSH557,,ניקל מט,,FAUCET - TPSH557,מזלף לנשלף בורדו,,68,80,,,119
6111-14,TPSH497,TPSH497,,ניקל,,FAUCET - TPSH497,"ידית אחיזה 40 ס""מ דורין",,54,63,,,94
6111-16,TPSH498,TPSH498,,ניקל,,FAUCET - TPSH498,"ידית אחיזה 50 ס""מ דורין",,59,69,,,104
66084-1,TPSH501,TPSH501,,ניקל,,FAUCET - TPSH501,מחזיק כוס דורין,,35,41,,,61
66086-1,TPSH510,TPSH510,,ניקל,,FAUCET - TPSH510,מחזיק נייר פתוח דורין,,28,33,,,49
66086-2,TPSH512,TPSH512,,ניקל,,FAUCET - TPSH512,מחזיק נייר רזרבי דורין,,48,57,,,85
66088-1,TPSH508,TPSH508,,ניקל,,FAUCET - TPSH508,קולב יחיד דורין,,19,22,,,33
66088-2,TPSH507,TPSH507,,ניקל,,FAUCET - TPSH507,קולב זוגי דורין,,22,26,,,39
66088-4,TPSH505,TPSH505,,ניקל,,FAUCET - TPSH505,קולב רביעיה דורין,,57,66,,,100
7322B,TPSH474,TPSH474,,שחור מט,,FAUCET - TPSH474,בוקה מדף בית מלון,,460,538,,,807
7322CP,TPSH452,TPSH452,TPSH452A,ניקל,,FAUCET - TPSH452,בוקה מדף בית מלון,,400,468,,,702
7322D,TPSH466,TPSH466,,ברונזה,,FAUCET - TPSH466,בוקה מדף בית מלון,,460,538,,,807
7322F,TPSH459,TPSH459,,ניקל מט,,FAUCET - TPSH459,בוקה מדף בית מלון,,460,538,,,807
7348B,TPSH475,TPSH475,,שחור מט,,FAUCET - TPSH475,"בוקה מוט מגבת כפול
60 ס”מ",,276,323,,,484
7348CP,TPSH451,TPSH451,,ניקל,,FAUCET - TPSH451,"בוקה מוט מגבת כפול
60 ס”מ",,248,290,,,435
7348D,TPSH467,TPSH467,,ברונזה,,FAUCET - TPSH467,"בוקה מוט מגבת כפול
60 ס”מ",,276,323,,,484
7348F,TPSH460,TPSH460,,ניקל מט,,FAUCET - TPSH460,"בוקה מוט מגבת כפול
60 ס”מ",,276,323,,,484
7351B,TPSH471,TPSH471,,שחור מט,,FAUCET - TPSH471,בוקה מחזיק נייר פתוח,,130,152,,,228
7351CP,TPSH449,TPSH449,,ניקל,,FAUCET - TPSH449,בוקה מחזיק נייר פתוח,,97,113,,,170
7351D,TPSH464,TPSH464,,ברונזה,,FAUCET - TPSH464,בוקה מחזיק נייר פתוח,,130,152,,,228
7351F,TPSH456,TPSH456,,ניקל מט,,FAUCET - TPSH456,בוקה מחזיק נייר פתוח,,130,152,,,228
7354B,TPSH470,TPSH470,,שחור מט,,FAUCET - TPSH470,בוקה קולב זוגי,,89,104,,,156
7354CP,TPSH448,TPSH448,,ניקל,,FAUCET - TPSH448,בוקה קולב זוגי,,79,93,,,139
7354D,TPSH463,TPSH463,,ברונזה,,FAUCET - TPSH463,בוקה קולב זוגי,,89,104,,,156
7354F,TPSH455,TPSH455,,ניקל מט,,FAUCET - TPSH455,בוקה קולב זוגי,,89,104,,,156
7357B,TPSH472,TPSH472,,שחור מט,,FAUCET - TPSH472,בוקה מברשת אסלה תלויה,,160,187,,,281
7357CP,TPSH450,TPSH450,,ניקל,,FAUCET - TPSH450,בוקה מברשת אסלה תלויה,,122,143,,,214
7357D,TPSH465,TPSH465,,ברונזה,,FAUCET - TPSH465,בוקה מברשת אסלה תלויה,,160,187,,,281
7357F,TPSH457,TPSH457,,ניקל מט,,FAUCET - TPSH457,בוקה מברשת אסלה תלויה,,160,187,,,281
7358B,TPSH469,TPSH469,,שחור מט,,FAUCET - TPSH469,בוקה מחזיק כוס,,118,138,,,207
7358CP,TPSH447,TPSH447,,ניקל,,FAUCET - TPSH447,בוקה מחזיק כוס,,92,108,,,161
7358D,TPSH462,TPSH462,,ברונזה,,FAUCET - TPSH462,בוקה מחזיק כוס,,118,138,,,207
7358F,TPSH454,TPSH454,,ניקל מט,,FAUCET - TPSH454,בוקה מחזיק כוס,,118,138,,,207
7360B,TPSH468,TPSH468,,שחור מט,,FAUCET - TPSH468,בוקה טבעת למגבת,,118,138,,,207
7360CP,TPSH446,TPSH446,,ניקל,,FAUCET - TPSH446,בוקה טבעת למגבת,,92,108,,,161
7360D,TPSH461,TPSH461,,ברונזה,,FAUCET - TPSH461,בוקה ברונזה טבעת למגבת,,118,138,,,207
7360F,TPSH453,TPSH453,,ניקל מט,,FAUCET - TPSH453,בוקה טבעת למגבת,,118,138,,,207
7R,TPSH326,TPSH326,,ניקל,,FAUCET - TPSH326,נקודת מים ונוטי,,36,42,,,63
8131CP,TPSH427,TPSH427,,ניקל,,FAUCET - TPSH427,ספאדה רשת פינתית בודדת,,145,169,,,254
8131ZR,TPSH436,TPSH436,,זהב,,FAUCET - TPSH436,ספאדה גולד רשת פינתית בודדת,,188,220,,,330
82506-49A,TPSH222,TPSH222,TPSH222A,ניקל- CP,,FAUCET - TPSH222,"סונומה
קשת רחצה",,383,448,,,672
82506-49A,TPSH223,TPSH222,TPSH222A,ניקל- מט SP,,FAUCET - TPSH222,"סונומה
קשת רחצה",,462,541,,,811
8522CP,TPSH426,TPSH426,TPSH426A,ניקל,,FAUCET - TPSH426,ספאדה מדף בית מלון,,288,337,,,505
8522YB,TPSH444,TPSH444,,ברונזה,,FAUCET - TPSH444,ספאדה ברונזה מדף בית מלון,,380,445,,,667
8522ZR,TPSH435,TPSH435,,זהב,,FAUCET - TPSH435,ספאדה גולד מדף בית מלון,,380,445,,,667
8548CP,TPSH428,TPSH428,,ניקל,,FAUCET - TPSH428,"ספאדה מוט מגבת כפול
60 ס”מ",,168,197,,,295
8548YB,TPSH445,TPSH445,,ברונזה,,FAUCET - TPSH445,"ספאדה ברונזה מוט מגבת כפול
60 ס”מ",,220,257,,,386
8548ZR,TPSH437,TPSH437,,זהב,,FAUCET - TPSH437,"ספאדה גולד מוט מגבת כפול
60 ס”מ",,220,257,,,386
8551YB,TPSH441,TPSH441,,ברונזה,,FAUCET - TPSH441,ספאדה ברונזה מחזיק נייר פתוח,,130,152,,,228
8551ZR,TPSH432,TPSH432,,זהב,,FAUCET - TPSH432,ספאדה גולד מחזיק נייר פתוח,,130,152,,,228
8554YB,TPSH440,TPSH440,,ברונזה,,FAUCET - TPSH440,ספאדה ברונזה קולב זוגי,,95,111,,,167
8554ZR,TPSH431,TPSH431,,זהב,,FAUCET - TPSH431,ספאדה גולד קולב זוגי,,95,111,,,167
8557YB,TPSH442,TPSH442,,ברונזה,,FAUCET - TPSH442,ספאדה ברונזה מברשת אסלה תלויה,,160,187,,,281
8557ZR,TPSH433,TPSH433,,זהב,,FAUCET - TPSH433,ספאדה גולד מברשת אסלה תלויה,,160,187,,,281
8558YB,TPSH439,TPSH439,,ברונזה,,FAUCET - TPSH439,ספאדה ברונזה מחזיק כוס,,118,138,,,207
8558ZR,TPSH430,TPSH430,,זהב,,FAUCET - TPSH430,ספאדה גולד מחזיק כוס,,118,138,,,207
8560YB,TPSH438,TPSH438,,ברונזה,,FAUCET - TPSH438,ספאדה ברונזה טבעת למגבת,,118,138,,,207
8560ZR,TPSH429,TPSH429,,זהב,,FAUCET - TPSH429,ספאדה גולד טבעת למגבת,,118,138,,,207
90023 DH,TPSH131,TPSH131,,שחור מט,,FAUCET - TPSH131,"וולנטה שחור מט
צינור 1.5 מטר",,112,131,,,197
90023 SP,TPSH138,TPSH138,,ניקל מט,,FAUCET - TPSH138,"וולנטה ניקל מט
צינור 1.5 מטר",,76,89,,,133
9130/91,TPSH56,TPSH56,TPSH56A,ניקל CP,,FAUCET - TPSH56,איטליה גטוני סירקל אינטרפוץ 3 דרך קוטר צלחת 65 מ”מ,,352,412,,,618
9504-80 A,TPSH306,TPSH306,,ניקל,,FAUCET - TPSH306,סונומה פרח מים קרים,,166,194,,,291
9504-80 A,TPSH307,TPSH306,,ניקל מט,,FAUCET - TPSH306,סונומה פרח מים קרים,,180,211,,,316
9D,TPSH328,TPSH328,,ניקל,,FAUCET - TPSH328,נקודת מים ברלוני,,44,51,,,77
A 0322-7,TPSH293,TPSH293,TPSH293A,ניקל CP,,FAUCET - TPSH293,"נאפה
נשלף למטבח",,495,579,,,868
A 0322-7,TPSH294,TPSH293,TPSH293A,ניקל מט SP,,FAUCET - TPSH293,"נאפה
נשלף למטבח",,590,690,,,1035
A3737-9 A,TPSH311,TPSH311,,ניקל,,FAUCET - TPSH311,"שירל
פרח קשת (פיה קצרה)",,109,127,,,191
A3737-9 B,TPSH312,TPSH312,,ניקל,,FAUCET - TPSH312,"שירל
פרח קשת (פיה גבוהה)",,109,127,,,191
A5656-3,TPSH308,TPSH308,,ניקל,,FAUCET - TPSH308,"שירל
סוללה לאמבטיה",,142,166,,,249
A5656-6A,TPSH313,TPSH313,,ניקל,,FAUCET - TPSH313,"שירל
פרח שטוח (פיה קצרה)",,86,100,,,150
ARE3009,TPSH329,TPSH329,,ניקל,,FAUCET - TPSH329,נק' מים עדי + מתלה,,88,103,,,154
ARX0804,TPSH396,TPSH396,TPSH396A,ניקל,,FAUCET - TPSH396,נאפה מוט מקלחת,,319,373,,,559
ARX0808,TPSH395,TPSH395,TPSH395A,ניקל,,FAUCET - TPSH395,סונומה מוט מקלחת,,319,373,,,559
AS 25,TPSH219,TPSH219,TPSH219A,ניקל- CP,,FAUCET - TPSH219,"נאפה
אינטרפוץ 3 דרך",,270,316,,,474
AS 28,TPSH218,TPSH218,TPSH218A,ניקל- CP,,FAUCET - TPSH218,"נאפה
אינטרפוץ 4 דרך",,414,484,,,727
AS01,TPSH221,TPSH221,TPSH221A,ניקל- CP,,FAUCET - TPSH221,"סונומה
קבוע נמוך",,398,466,,,698
AS02,TPSH220,TPSH220,TPSH220A,ניקל- CP,,FAUCET - TPSH220,"סונומה
קבוע גבוה לכיור מונח",,520,608,,,913
F042CP,TPSH519,TPSH519,,ניקל,,FAUCET - TPSH519,סבוניה לכיור מטבח,,70,82,,,123
F042W,TPSH520,TPSH519,,לבן,,FAUCET - TPSH519,סבוניה לכיור מטבח,,70,82,,,123
F042YB,TPSH521,TPSH519,,ברונזה,,FAUCET - TPSH519,סבוניה לכיור מטבח,,120,140,,,211
GC358Y,TPSH480,TPSH480,,ניקל,,FAUCET - TPSH480,הוגו משאבת סבון,,98,115,,,172
GC5322,TPSH481,TPSH481,TPSH481A,ניקל,,FAUCET - TPSH481,הוגו מדף בית מלון,,370,433,,,649
GC5324,TPSH483,TPSH483,,ניקל,,FAUCET - TPSH483,"הוגו מוט מגבת
60 ס”מ",,199,233,,,350
GC5351,TPSH482,TPSH482,,ניקל,,FAUCET - TPSH482,הוגו מחזיק נייר פתוח,,100,117,,,176
GC5354,TPSH476,TPSH476,,ניקל,,FAUCET - TPSH476,הוגו קולב יחיד,,52,61,,,91
GC5357,TPSH479,TPSH479,,ניקל,,FAUCET - TPSH479,הוגו מברשת אסלה תלויה,,119,139,,,209
GC5358,TPSH477,TPSH477,,ניקל,,FAUCET - TPSH477,הוגו מחזיק כוס,,90,105,,,158
GC5360,TPSH478,TPSH478,,ניקל,,FAUCET - TPSH478,הוגו טבעת למגבת,,138,161,,,242
GC5724,TPSH490,TPSH490,,ניקל,,FAUCET - TPSH490,"סטפן מוט מגבת
60 ס”מ",,148,173,,,260
GC5748,TPSH488,TPSH488,,ניקל,,FAUCET - TPSH488,"סטפן מוט מגבת כפול בראס
60 ס”מ",,205,240,,,359
GC5752,TPSH486,TPSH486,,ניקל,,FAUCET - TPSH486,סטפן מחזיק נייר פתוח,,110,129,,,193
GC5754,TPSH484,TPSH484,,ניקל,,FAUCET - TPSH484,סטפן מתלה זוגי,,60,70,,,105
GC5757,TPSH487,TPSH487,,ניקל,,FAUCET - TPSH487,סטפן מברשת אסלה תלויה,,118,138,,,207
GC5758,TPSH485,TPSH485,,ניקל,,FAUCET - TPSH485,סטפן מחזיק כוס,,72,84,,,126
GC5760,TPSH489,TPSH489,,ניקל,,FAUCET - TPSH489,סטפן טבעת למגבת,,119,139,,,209
H132,TPSH506,TPSH506,,ניקל,,FAUCET - TPSH506,"רשת פינתית בודדת
גדולה דורין",,75,88,,,131
H212,TPSH509,TPSH509,,ניקל,,FAUCET - TPSH509,"רשת פינתית בודדת
קטנה דורין",,64,74,,,112
H6468,TPSH369,TPSH369,,ניקל,,FAUCET - TPSH369,"מזלף A.B.S
3 מצבים",,55,64,,,96
KK1003,TPSH323,TPSH323,,ניקל,,FAUCET - TPSH323,נק' מים מרובעת + מתלה,,66,77,,,116
KK1003A,TPSH325,TPSH325,,ניקל,,FAUCET - TPSH325,נק' מים מרובעת,,56,66,,,98
KK2038,TPSH494,TPSH494,TPSH494A,ניקל,,FAUCET - TPSH494,"רשת מלבנית - מלון
רוש-אס",,176,206,,,309
KK2822,TPSH493,TPSH493,TPSH493A,ניקל,,FAUCET - TPSH493,"רשת פינתית כפולה
רוש-אס",,262,306,,,459
KK2824,TPSH491,TPSH491,TPSH491A,ניקל,,FAUCET - TPSH491,"רשת פינתית כפולה
רוש-אס",,262,306,,,459
KK4151,TPSH495,TPSH495,TPSH495A,ניקל,,FAUCET - TPSH495,"רשת מלבנית
רוש-אס",,154,180,,,270
MC050-22,TPSH63,TPSH63,TPSH63A,ניקל CP,,FAUCET - TPSH63,איטליה גטוני אינטרפוץ 5 דרך BOX,,1240,1451,,,2176
MC055/25CO,TPSH67,TPSH67,TPSH67A,ניקל CP,,FAUCET - TPSH67,איטליה גטוני אינטרפוץ 5 דרך BOX,,1240,1451,,,2176
P00020,TPSH327,TPSH327,,ניקל,,FAUCET - TPSH327,נק' מים אובלית + מתלה,,66,77,,,116
PRARE10,TPSH315,TPSH315,,ניקל,,FAUCET - TPSH315,"גטוני איטליה
נקודת מים",,85,99,,,149
PRARE10,TPSH316,TPSH315,,ברונזה,,FAUCET - TPSH315,"גטוני איטליה
נקודת מים",,120,140,,,211
PRARE10,TPSH317,TPSH315,,זהב,,FAUCET - TPSH315,"גטוני איטליה
נקודת מים",,160,187,,,281
PRARE10,TPSH389,TPSH389,,ניקל,,FAUCET - TPSH389,"גטוני איטליה
נקודת מים",,85,99,,,149
PRARE10,TPSH390,TPSH389,,ברונזה,,FAUCET - TPSH389,"גטוני איטליה
נקודת מים",,120,140,,,211
PRARE10,TPSH391,TPSH389,,זהב,,FAUCET - TPSH389,"גטוני איטליה
נקודת מים",,160,187,,,281
RM010,TPSH399,TPSH399,,צבע 8115,פלטת זכוכית,FAUCET - TPSH399,מערכת מקלחת זכוכית + ג’טים,,640,749,,,1123
RM010,TPSH402,TPSH402,TPSH402A,צבע 8114,פלטת זכוכית,FAUCET - TPSH402,מערכת מקלחת זכוכית + ג’טים,,640,749,,,1123
RM010,TPSH405,TPSH405,,צבע כסף,פלטת זכוכית,FAUCET - TPSH405,מערכת מקלחת זכוכית + ג’טים,,640,749,,,1123
RM010,TPSH408,TPSH408,,צבע שחור,פלטת זכוכית,FAUCET - TPSH408,מערכת מקלחת זכוכית + ג’טים,,640,749,,,1123
RM010,TPSH413,TPSH413,,צבע 6972,פלטת זכוכית,FAUCET - TPSH413,מערכת מקלחת זכוכית + ג’טים,,640,749,,,1123
RM010,TPSH416,TPSH416,,צבע 6965,פלטת זכוכית,FAUCET - TPSH416,מערכת מקלחת זכוכית + ג’טים,,640,749,,,1123
RM010,TPSH419,TPSH419,,צבע 8116,פלטת זכוכית,FAUCET - TPSH419,מערכת מקלחת זכוכית + ג’טים,,640,749,,,1123
RM010,TPSH422,TPSH422,,צבע לבן,פלטת זכוכית,FAUCET - TPSH422,מערכת מקלחת זכוכית + ג’טים,,640,749,,,1123
RM011,TPSH397,TPSH397,,צבע 8115,פלטת זכוכית,FAUCET - TPSH397,מערכת מקלחת זכוכית,,640,749,,,1123
RM011,TPSH400,TPSH400,TPSH400A,צבע 8114,פלטת זכוכית,FAUCET - TPSH400,מערכת מקלחת זכוכית,,640,749,,,1123
RM011,TPSH403,TPSH403,,צבע כסף,פלטת זכוכית,FAUCET - TPSH403,מערכת מקלחת זכוכית,,640,749,,,1123
RM011,TPSH406,TPSH406,,צבע שחור,פלטת זכוכית,FAUCET - TPSH406,מערכת מקלחת זכוכית,,640,749,,,1123
RM011,TPSH409,TPSH409,,צבע 046,פלטת זכוכית,FAUCET - TPSH409,מערכת מקלחת זכוכית,,640,749,,,1123
RM011,TPSH411,TPSH411,,צבע 6972,פלטת זכוכית,FAUCET - TPSH411,מערכת מקלחת זכוכית,,640,749,,,1123
RM011,TPSH414,TPSH414,,צבע 6965,פלטת זכוכית,FAUCET - TPSH414,מערכת מקלחת זכוכית,,640,749,,,1123
RM011,TPSH417,TPSH417,,צבע 8116,פלטת זכוכית,FAUCET - TPSH417,מערכת מקלחת זכוכית,,640,749,,,1123
RM011,TPSH420,TPSH420,,צבע לבן,פלטת זכוכית,FAUCET - TPSH420,מערכת מקלחת זכוכית,,640,749,,,1123
RM013,TPSH398,TPSH398,,צבע 8115,פלטת זכוכית,FAUCET - TPSH398,מערכת מקלחת זכוכית,,640,749,,,1123
RM013,TPSH401,TPSH401,TPSH401A,צבע 8114,פלטת זכוכית,FAUCET - TPSH401,מערכת מקלחת זכוכית,,640,749,,,1123
RM013,TPSH404,TPSH404,,צבע כסף,פלטת זכוכית,FAUCET - TPSH404,מערכת מקלחת זכוכית,,640,749,,,1123
RM013,TPSH407,TPSH407,,צבע שחור,פלטת זכוכית,FAUCET - TPSH407,מערכת מקלחת זכוכית,,640,749,,,1123
RM013,TPSH410,TPSH410,,צבע 046,פלטת זכוכית,FAUCET - TPSH410,מערכת מקלחת זכוכית,,640,749,,,1123
RM013,TPSH412,TPSH412,,צבע 6972,פלטת זכוכית,FAUCET - TPSH412,מערכת מקלחת זכוכית,,640,749,,,1123
RM013,TPSH415,TPSH415,,צבע 6965,פלטת זכוכית,FAUCET - TPSH415,מערכת מקלחת זכוכית,,640,749,,,1123
RM013,TPSH418,TPSH418,,צבע 8116,פלטת זכוכית,FAUCET - TPSH418,מערכת מקלחת זכוכית,,640,749,,,1123
RM013,TPSH421,TPSH421,,צבע לבן,פלטת זכוכית,FAUCET - TPSH421,מערכת מקלחת זכוכית,,640,749,,,1123
S09,TPSH358,TPSH358,,ניקל,,FAUCET - TPSH358,"ראש מקלחת
A.B.S עגול
22 ס”מ",,88,103,,,154
SOLCI10,TPSH523,TPSH523,,ניקל CP,,FAUCET - TPSH523,"איטליה גטוני
ג’ט שקוע מתכוונן עגול BOX",,280,328,,,491
SOLCI10,TPSH65,TPSH65,TPSH65A,ניקל CP,,FAUCET - TPSH65,איטליה גטוני ג’ט שקוע מתכוונן עגול BOX,,280,328,,,491
SOLQU10,TPSH524,TPSH524,,ניקל CP,,FAUCET - TPSH524,"איטליה גטוני
ג’ט שקוע
מתכוונן מרובע BOX",,280,328,,,491
SOLQU10,TPSH68,TPSH68,TPSH68A,ניקל CP,,FAUCET - TPSH68,איטליה גטוני ג’ט שקוע מתכוונן מרובע BOX,,280,328,,,491
SUA 08,TPSH380,TPSH380,,,Stainless Steel,FAUCET - TPSH380,"ראש מקלחת
עגול 6 מ”מ
20 ס”מ",,150,176,,,263
SUA 10,TPSH379,TPSH379,,,Stainless Steel,FAUCET - TPSH379,"ראש מקלחת
עגול 6 מ”מ
25 ס”מ",,230,269,,,404
SUA 16,TPSH378,TPSH378,,,Stainless Steel,FAUCET - TPSH378,"ראש מקלחת
עגול 6 מ”מ
40 ס”מ",,400,468,,,702
SUB 08,TPSH387,TPSH387,,,Stainless Steel,FAUCET - TPSH387,"ראש מקלחת
מרובע 6 מ”מ
20/20 ס”מ",,160,187,,,281
SUB 10,TPSH386,TPSH386,,,Stainless Steel,FAUCET - TPSH386,"ראש מקלחת
מרובע 6 מ”מ
25/25 ס”מ",,250,293,,,439
SUB 16,TPSH385,TPSH385,,,Stainless Steel,FAUCET - TPSH385,"ראש מקלחת
מרובע 6 מ”מ
40/40 ס”מ",,480,562,,,842
SUC 12,TPSH384,TPSH384,,,Stainless Steel,FAUCET - TPSH384,"ראש מקלחת מלבני 6 מ”מ
30/20 ס”מ",,278,325,,,488
SUC 16,TPSH383,TPSH383,,,Stainless Steel,FAUCET - TPSH383,"ראש מקלחת מלבני 6 מ”מ
40/23.5 ס”מ",,350,410,,,614
SUD 12,TPSH381,TPSH381,,,Stainless Steel,FAUCET - TPSH381,"ראש מקלחת אובלי 6 מ”מ
30/18 ס”מ",,190,222,,,333
SUD 16,TPSH382,TPSH382,,,Stainless Steel,FAUCET - TPSH382,"ראש מקלחת אובלי 6 מ”מ
40/24 ס”מ",,340,398,,,597
T66024,TPSH516,TPSH516,,ניקל,,FAUCET - TPSH516,"מוט מגבות כפול דורין
60 ס""מ",,68,79,,,119
WQ0002 DH,TPSH132,TPSH132,,שחור מט,,FAUCET - TPSH132,"וולנטה שחור מט
זרוע לראש מקלחת 40 ס”מ",,248,290,,,435
WQ0002 SP,TPSH139,TPSH139,,ניקל מט,,FAUCET - TPSH139,"וולנטה ניקל מט
זרוע לראש מקלחת 40 ס”מ",,208,243,,,365
WQ0002DH,TPSH340,TPSH340,,שחור מט,,FAUCET - TPSH340,"וולנטה שחור מט
זרוע לראש מקלחת 40 ס”מ",,248,290,,,435
WQ0002SP,TPSH341,TPSH341,,ניקל מט,,FAUCET - TPSH341,"וולנטה ניקל מט
זרוע לראש מקלחת 40 ס”מ",,208,243,,,365
WQP00012,TPSH321,TPSH321,,ניקל,,FAUCET - TPSH321,נק' מים עגולה + מתלה,,66,77,,,116
,TPSH567,TPSH567,,,,FAUCET - TPSH567,"זוג צינורות
לברז פרח",,13,15,,,23
,TPSH568,TPSH568,,,,FAUCET - TPSH568,ידית לברז,,20,23,,,35
,TPSH569,TPSH569,,,,FAUCET - TPSH569,"צינור גמיש 1.5 מ’
בראס",,36,42,,,63
,TPSH570,TPSH570,,,,FAUCET - TPSH570,פיה קשת קצר,,28,33,,,49
,TPSH571,TPSH571,,,,FAUCET - TPSH571,פיה קשת גבוה,,28,33,,,49
,TPSH572,TPSH572,,,,FAUCET - TPSH572,פיה נחש קצר,,28,33,,,49
,TPSH573,TPSH573,,,,FAUCET - TPSH573,פיה נחש ארוך,,28,33,,,49
,TPSH574,TPSH574,,,,FAUCET - TPSH574,סט ברגים,,16,19,,,28
,TPSH575,TPSH575,,,,FAUCET - TPSH575,בורג ארוך לבוצ’ר,,40,47,,,70
,TPSH576,TPSH576,,,,FAUCET - TPSH576,מנגנון לברז,,24,28,,,42
,TPSH577,TPSH577,,,,FAUCET - TPSH577,מנגנון סדאל,,55,65,,,97